-49.500000,	0.000000,	10.000000,
-49.000000,	0.000000,	10.000000,
-48.500000,	0.000000,	10.000000,
-48.000000,	0.000000,	10.000000,
-47.500000,	0.000000,	10.000000,
-47.000000,	0.000000,	10.000000,
-46.500000,	0.000000,	10.000000,
-46.000000,	0.000000,	10.000000,
-45.500000,	0.000000,	10.000000,
-45.000000,	0.000000,	10.000000,
-44.500000,	0.000000,	10.000000,
-44.000000,	0.000000,	10.000000,
-43.500000,	0.000000,	10.000000,
-43.000000,	0.000000,	10.000000,
-42.500000,	0.000000,	10.000000,
-42.000000,	0.000000,	10.000000,
-41.500000,	0.000000,	10.000000,
-41.000000,	0.000000,	10.000000,
-40.500000,	0.000000,	10.000000,
-39.999550,	0.000000,	10.000000,
-39.499260,	-0.021882,	10.000000,
-39.002781,	-0.087286,	10.000000,
-38.513893,	-0.195713,	10.000000,
-38.036312,	-0.346336,	10.000000,
-37.549103,	-0.545477,	10.000000,
-37.089561,	-0.742507,	10.000000,
-36.630016,	-0.939537,	10.000000,
-36.170475,	-1.136566,	10.000000,
-35.710934,	-1.333596,	10.000000,
-35.228901,	-1.539332,	10.000000,
-34.731865,	-1.743192,	10.000000,
-34.235241,	-1.931046,	10.000000,
-33.755959,	-2.092824,	10.000000,
-33.247063,	-2.240824,	10.000000,
-32.731667,	-2.365824,	10.000000,
-32.211159,	-2.467464,	10.000000,
-31.686596,	-2.545535,	10.000000,
-31.159050,	-2.599880,	10.000000,
-30.629589,	-2.630387,	10.000000,
-30.099293,	-2.636994,	10.000000,
-29.569235,	-2.619689,	10.000000,
-29.040497,	-2.578506,	10.000000,
-28.514154,	-2.513529,	10.000000,
-27.991278,	-2.424891,	10.000000,
-27.472925,	-2.312771,	10.000000,
-26.960155,	-2.177397,	10.000000,
-26.454010,	-2.019045,	10.000000,
-25.967304,	-1.842924,	10.000000,
-25.462391,	-1.637390,	10.000000,
-25.009872,	-1.437115,	10.000000,
-24.559465,	-1.227979,	10.000000,
-24.105484,	-1.014407,	10.000000,
-23.653055,	-0.801548,	10.000000,
-23.200628,	-0.588690,	10.000000,
-22.754532,	-0.384898,	10.000000,
-22.280041,	-0.225014,	10.000000,
-21.789343,	-0.125409,	10.000000,
-21.290066,	-0.087630,	10.000000,
-20.789968,	-0.112264,	10.000000,
-20.296822,	-0.198929,	10.000000,
-19.818289,	-0.346277,	10.000000,
-19.361807,	-0.552020,	10.000000,
-18.934471,	-0.812959,	10.000000,
-18.542921,	-1.125039,	10.000000,
-18.182489,	-1.494684,	10.000000,
-17.850122,	-1.868222,	10.000000,
-17.517754,	-2.241761,	10.000000,
-17.185385,	-2.615300,	10.000000,
-16.853016,	-2.988839,	10.000000,
-16.520649,	-3.362378,	10.000000,
-16.188280,	-3.735917,	10.000000,
-15.855911,	-4.109456,	10.000000,
-15.523542,	-4.482994,	10.000000,
-15.191174,	-4.856533,	10.000000,
-14.858770,	-5.230113,	10.000000,
-14.507362,	-5.623121,	10.000000,
-14.158145,	-6.004350,	10.000000,
-13.817595,	-6.361333,	10.000000,
-13.444826,	-6.731280,	10.000000,
-13.036152,	-7.109190,	10.000000,
-12.658542,	-7.432379,	10.000000,
-12.269305,	-7.741469,	10.000000,
-11.868972,	-8.036043,	10.000000,
-11.458078,	-8.315704,	10.000000,
-11.037186,	-8.580072,	10.000000,
-10.606859,	-8.828792,	10.000000,
-10.167683,	-9.061526,	10.000000,
-9.720247,	-9.277959,	10.000000,
-9.265160,	-9.477800,	10.000000,
-8.803034,	-9.660778,	10.000000,
-8.334494,	-9.826646,	10.000000,
-7.860174,	-9.975180,	10.000000,
-7.380714,	-10.106178,	10.000000,
-6.896764,	-10.219465,	10.000000,
-6.408977,	-10.314888,	10.000000,
-5.918013,	-10.392316,	10.000000,
-5.424532,	-10.451645,	10.000000,
-4.929266,	-10.492791,	10.000000,
-4.379671,	-10.517685,	10.000000,
-3.861362,	-10.523731,	10.000000,
-3.316324,	-10.515445,	10.000000,
-2.811790,	-10.498284,	10.000000,
-2.304559,	-10.475981,	10.000000,
-1.800794,	-10.435484,	10.000000,
-1.299774,	-10.369177,	10.000000,
-0.802817,	-10.277237,	10.000000,
-0.311236,	-10.159904,	10.000000,
0.173672,	-10.017488,	10.000000,
0.650630,	-9.850367,	10.000000,
1.118379,	-9.658979,	10.000000,
1.575685,	-9.443830,	10.000000,
2.021343,	-9.205488,	10.000000,
2.454178,	-8.944580,	10.000000,
2.873046,	-8.661796,	10.000000,
3.276845,	-8.357880,	10.000000,
3.664508,	-8.033634,	10.000000,
4.035014,	-7.689913,	10.000000,
4.387386,	-7.327625,	10.000000,
4.720693,	-6.947724,	10.000000,
5.034057,	-6.551212,	10.000000,
5.326652,	-6.139136,	10.000000,
5.597705,	-5.712582,	10.000000,
5.846501,	-5.272676,	10.000000,
6.072387,	-4.820575,	10.000000,
6.274763,	-4.357474,	10.000000,
6.453098,	-3.884595,	10.000000,
6.606921,	-3.403183,	10.000000,
6.735826,	-2.914510,	10.000000,
6.839472,	-2.419863,	10.000000,
6.917588,	-1.920547,	10.000000,
6.969967,	-1.417880,	10.000000,
6.996470,	-0.913186,	10.000000,
7.000000,	-0.406078,	10.000000,
7.000000,	0.093922,	10.000000,
7.000000,	0.593922,	10.000000,
7.000000,	1.093922,	10.000000,
7.000000,	1.593922,	10.000000,
7.000000,	2.093922,	10.000000,
7.000000,	2.593922,	10.000000,
7.000001,	3.099863,	10.000000,
7.000242,	3.595087,	10.000000,
7.001672,	4.132801,	10.000000,
7.004887,	4.669280,	10.000000,
7.009903,	5.205745,	10.000000,
7.016749,	5.742190,	10.000000,
7.025397,	6.278609,	10.000000,
7.035853,	6.816226,	10.000000,
7.046559,	7.311335,	10.000000,
7.057609,	7.811076,	10.000000,
7.068662,	8.310955,	10.000000,
7.079715,	8.810832,	10.000000,
7.090769,	9.310710,	10.000000,
7.099870,	9.871298,	10.000000,
7.085714,	10.394368,	10.000000,
7.063159,	10.883951,	10.000000,
7.025695,	11.377060,	10.000000,
6.960715,	11.920201,	10.000000,
6.867311,	12.465876,	10.000000,
6.746255,	13.006089,	10.000000,
6.597863,	13.539440,	10.000000,
6.422517,	14.064548,	10.000000,
6.220672,	14.580051,	10.000000,
5.992852,	15.084614,	10.000000,
5.739648,	15.576927,	10.000000,
5.461715,	16.055716,	10.000000,
5.159774,	16.519737,	10.000000,
4.840848,	16.959892,	10.000000,
4.497299,	17.392630,	10.000000,
4.158451,	17.794790,	10.000000,
3.831040,	18.176815,	10.000000,
3.505645,	18.556444,	10.000000,
3.180249,	18.936071,	10.000000,
2.854853,	19.315701,	10.000000,
2.531042,	19.696749,	10.000000,
2.227407,	20.098951,	10.000000,
1.954332,	20.522497,	10.000000,
1.713312,	20.965069,	10.000000,
1.505664,	21.424246,	10.000000,
1.332526,	21.897518,	10.000000,
1.194844,	22.382290,	10.000000,
1.093372,	22.875914,	10.000000,
1.028666,	23.375689,	10.000000,
1.001078,	23.878878,	10.000000,
1.009880,	24.387489,	10.000000,
1.071212,	24.877634,	10.000000,
1.187872,	25.357626,	10.000000,
1.358350,	25.821243,	10.000000,
1.580432,	26.262470,	10.000000,
1.851240,	26.675589,	10.000000,
2.167261,	27.055237,	10.000000,
2.524398,	27.396492,	10.000000,
2.922140,	27.726360,	10.000000,
3.328357,	28.045673,	10.000000,
3.742900,	28.324091,	10.000000,
4.196476,	28.562716,	10.000000,
4.673375,	28.750433,	10.000000,
5.167907,	28.885006,	10.000000,
5.674168,	28.964828,	10.000000,
6.173573,	28.993938,	10.000000,
6.674944,	28.999834,	10.000000,
7.166244,	29.000000,	10.000000,
7.666244,	29.000000,	10.000000,
8.166245,	29.000000,	10.000000,
8.666245,	29.000000,	10.000000,
9.166245,	29.000000,	10.000000,
9.666245,	29.000000,	10.000000,
10.166245,	29.000000,	10.000000,
10.666245,	29.000000,	10.000000,
11.166245,	29.000000,	10.000000,
11.666245,	29.000000,	10.000000,
12.166245,	29.000000,	10.000000,
12.666245,	29.000000,	10.000000,
13.196706,	29.000000,	10.000000,
13.696706,	29.000000,	10.000000,
14.232332,	29.006086,	10.000000,
14.794142,	29.040136,	10.000000,
15.353344,	29.104029,	10.000000,
15.908355,	29.197584,	10.000000,
16.457603,	29.320532,	10.000000,
16.999531,	29.472527,	10.000000,
17.532608,	29.653135,	10.000000,
18.055317,	29.861853,	10.000000,
18.566187,	30.098080,	10.000000,
19.062326,	30.360346,	10.000000,
19.499861,	30.614506,	10.000000,
19.946878,	30.907961,	10.000000,
20.375910,	31.227139,	10.000000,
20.785475,	31.570938,	10.000000,
21.174164,	31.938171,	10.000000,
21.540640,	32.327579,	10.000000,
21.883638,	32.737812,	10.000000,
22.201979,	33.167469,	10.000000,
22.494560,	33.615055,	10.000000,
22.760380,	34.079041,	10.000000,
23.009649,	34.573223,	10.000000,
23.231960,	35.055511,	10.000000,
23.425943,	35.542221,	10.000000,
23.592407,	36.039169,	10.000000,
23.730778,	36.544659,	10.000000,
23.840618,	37.057106,	10.000000,
23.921585,	37.574902,	10.000000,
23.973423,	38.096420,	10.000000,
23.995972,	38.588360,	10.000000,
24.000000,	39.080036,	10.000000,
24.000000,	39.580036,	10.000000,
24.000000,	40.099998,	10.000000,
24.000000,	40.599998,	10.000000,
24.000000,	41.099998,	10.000000,
24.000000,	41.599998,	10.000000,
24.000000,	42.099998,	10.000000,
24.000000,	42.599998,	10.000000,
23.999994,	43.102901,	10.000000,
23.989380,	43.638657,	10.000000,
23.958508,	44.173561,	10.000000,
23.907541,	44.706799,	10.000000,
23.836695,	45.237572,	10.000000,
23.746202,	45.765106,	10.000000,
23.636332,	46.288651,	10.000000,
23.507378,	46.807465,	10.000000,
23.359665,	47.320847,	10.000000,
23.193539,	47.828114,	10.000000,
23.009377,	48.328598,	10.000000,
22.807566,	48.821686,	10.000000,
22.588524,	49.306755,	10.000000,
22.352678,	49.783241,	10.000000,
22.109430,	50.232883,	10.000000,
21.866446,	50.670547,	10.000000,
21.622946,	51.107960,	10.000000,
21.370697,	51.563816,	10.000000,
21.092909,	52.017342,	10.000000,
20.788221,	52.452106,	10.000000,
20.457933,	52.866558,	10.000000,
20.103418,	53.259232,	10.000000,
19.726137,	53.628757,	10.000000,
19.327616,	53.973869,	10.000000,
18.909447,	54.293404,	10.000000,
18.473286,	54.586304,	10.000000,
18.020823,	54.851612,	10.000000,
17.553806,	55.088501,	10.000000,
17.074013,	55.296234,	10.000000,
16.583246,	55.474194,	10.000000,
16.083336,	55.621880,	10.000000,
15.576120,	55.738892,	10.000000,
15.063451,	55.824940,	10.000000,
14.496608,	55.883556,	10.000000,
13.978497,	55.904236,	10.000000,
13.460636,	55.893761,	10.000000,
12.944839,	55.852295,	10.000000,
12.432894,	55.780083,	10.000000,
11.926565,	55.677475,	10.000000,
11.427580,	55.544933,	10.000000,
10.953373,	55.389351,	10.000000,
10.480415,	55.227112,	10.000000,
10.009151,	55.068401,	10.000000,
9.531377,	54.907326,	10.000000,
9.036842,	54.738018,	10.000000,
8.525497,	54.557117,	10.000000,
8.051974,	54.381683,	10.000000,
7.567086,	54.191669,	10.000000,
7.080714,	53.988522,	10.000000,
6.599161,	53.774345,	10.000000,
6.122678,	53.549271,	10.000000,
5.651520,	53.313431,	10.000000,
5.185932,	53.066948,	10.000000,
4.726162,	52.809971,	10.000000,
4.272449,	52.542641,	10.000000,
3.825031,	52.265102,	10.000000,
3.384141,	51.977528,	10.000000,
2.950007,	51.680061,	10.000000,
2.522856,	51.372879,	10.000000,
2.102906,	51.056156,	10.000000,
1.690376,	50.730057,	10.000000,
1.285472,	50.394775,	10.000000,
0.890387,	50.052284,	10.000000,
0.513036,	49.711452,	10.000000,
0.152630,	49.375301,	10.000000,
-0.230117,	49.009670,	10.000000,
-0.596473,	48.654598,	10.000000,
-0.976192,	48.285809,	10.000000,
-1.358565,	47.922203,	10.000000,
-1.740004,	47.578545,	10.000000,
-2.123541,	47.264568,	10.000000,
-2.549356,	46.959354,	10.000000,
-2.965367,	46.700165,	10.000000,
-3.397783,	46.466930,	10.000000,
-3.845026,	46.260689,	10.000000,
-4.305453,	46.082401,	10.000000,
-4.777355,	45.932911,	10.000000,
-5.258966,	45.812977,	10.000000,
-5.748470,	45.723240,	10.000000,
-6.253600,	45.663429,	10.000000,
-6.778772,	45.629898,	10.000000,
-7.268767,	45.614147,	10.000000,
-7.799657,	45.604977,	10.000000,
-8.299874,	45.597683,	10.001316,
-8.800097,	45.590172,	10.005668,
-9.300322,	45.582451,	10.013060,
-9.800551,	45.574532,	10.023495,
-10.300784,	45.566410,	10.036971,
-10.801021,	45.558102,	10.053489,
-11.301260,	45.549606,	10.073049,
-11.801503,	45.540939,	10.095632,
-12.301749,	45.532101,	10.119414,
-12.796835,	45.528969,	10.150332,
-13.312373,	45.556477,	10.183628,
-13.826797,	45.616634,	10.216925,
-14.338043,	45.709438,	10.249994,
-14.844049,	45.834751,	10.279267,
-15.342747,	45.992298,	10.303509,
-15.832087,	46.181675,	10.322718,
-16.310032,	46.402359,	10.336894,
-16.741880,	46.634731,	10.345553,
-17.160599,	46.892887,	10.349988,
-17.564636,	47.176105,	10.353140,
-17.952484,	47.483566,	10.356292,
-18.322680,	47.814354,	10.359443,
-18.673813,	48.167473,	10.362595,
-19.004520,	48.541828,	10.365746,
-19.313509,	48.936249,	10.368897,
-19.599548,	49.349483,	10.372049,
-19.861479,	49.780201,	10.375200,
-20.098219,	50.226994,	10.378352,
-20.308765,	50.688393,	10.381503,
-20.492205,	51.162872,	10.384655,
-20.647713,	51.648819,	10.387807,
-20.774555,	52.144596,	10.390958,
-20.872099,	52.648502,	10.394110,
-20.938456,	53.148750,	10.397018,
-20.993044,	53.646152,	10.399443,
-21.047564,	54.143555,	10.401867,
-21.102007,	54.640968,	10.404291,
-21.156366,	55.138390,	10.406715,
-21.210632,	55.635811,	10.409140,
-21.264805,	56.133240,	10.411564,
-21.318872,	56.630680,	10.413988,
-21.372829,	57.128124,	10.416412,
-21.426670,	57.625580,	10.418837,
-21.495861,	58.156307,	10.420776,
-21.599598,	58.682987,	10.422716,
-21.737135,	59.200855,	10.424655,
-21.907766,	59.707760,	10.426595,
-22.110649,	60.201595,	10.428534,
-22.344805,	60.680325,	10.430473,
-22.609131,	61.141983,	10.432413,
-22.902399,	61.584686,	10.434352,
-23.223267,	62.006630,	10.436292,
-23.570280,	62.406120,	10.438231,
-23.941881,	62.781544,	10.440170,
-24.336412,	63.131409,	10.442110,
-24.752136,	63.454330,	10.444049,
-25.187220,	63.749046,	10.445989,
-25.639765,	64.014412,	10.447927,
-26.107805,	64.249420,	10.449867,
-26.589315,	64.453178,	10.451807,
-27.082230,	64.624947,	10.453746,
-27.584431,	64.764099,	10.455686,
-28.093779,	64.870171,	10.457624,
-28.608109,	64.942833,	10.459564,
-29.125244,	64.981880,	10.461504,
-29.643003,	64.987267,	10.463443,
-30.159212,	64.959068,	10.465383,
-30.671709,	64.897530,	10.467321,
-31.178358,	64.803001,	10.469261,
-31.677052,	64.675987,	10.471201,
-32.165726,	64.517128,	10.473140,
-32.642365,	64.327179,	10.475080,
-33.105011,	64.107033,	10.477018,
-33.551765,	63.857700,	10.478958,
-33.980808,	63.580311,	10.480898,
-34.390396,	63.276108,	10.482837,
-34.778866,	62.946438,	10.484776,
-35.144665,	62.592758,	10.486715,
-35.486320,	62.216606,	10.488655,
-35.812912,	61.824627,	10.491079,
-36.133018,	61.440342,	10.493504,
-36.453377,	61.056278,	10.495928,
-36.773994,	60.672443,	10.498352,
-37.094875,	60.288830,	10.500776,
-37.416023,	59.905453,	10.503201,
-37.737442,	59.522316,	10.505625,
-38.059139,	59.139423,	10.508049,
-38.381119,	58.756775,	10.510473,
-38.703388,	58.374378,	10.512897,
-39.025921,	57.997971,	10.515564,
-39.370937,	57.640469,	10.518474,
-39.740120,	57.307026,	10.521382,
-40.131767,	56.999313,	10.524292,
-40.544048,	56.718868,	10.527201,
-40.975147,	56.467304,	10.530109,
-41.423061,	56.246067,	10.533019,
-41.885586,	56.056290,	10.535928,
-42.360451,	55.898926,	10.538837,
-42.845314,	55.774769,	10.541746,
-43.337788,	55.684437,	10.544655,
-43.835453,	55.628380,	10.547565,
-44.335873,	55.606853,	10.550473,
-44.836586,	55.619957,	10.553383,
-45.335155,	55.667599,	10.556292,
-45.829140,	55.749519,	10.559200,
-46.316139,	55.865273,	10.562110,
-46.793800,	56.014259,	10.565019,
-47.259819,	56.195705,	10.567928,
-47.711948,	56.408669,	10.570837,
-48.148037,	56.652061,	10.573746,
-48.566006,	56.924644,	10.576655,
-48.963879,	57.225040,	10.579564,
-49.339802,	57.551727,	10.582474,
-49.692013,	57.903069,	10.585382,
-50.018894,	58.277306,	10.588291,
-50.318962,	58.672581,	10.591201,
-50.590851,	59.086933,	10.594110,
-50.833366,	59.518318,	10.597019,
-51.045452,	59.964630,	10.599928,
-51.226208,	60.423676,	10.602838,
-51.374893,	60.893230,	10.605746,
-51.490925,	61.371029,	10.608655,
-51.573895,	61.854767,	10.611565,
-51.630787,	62.382744,	10.614473,
-51.679455,	62.880512,	10.616898,
-51.727844,	63.378319,	10.619322,
-51.775970,	63.876156,	10.621746,
-51.823845,	64.374023,	10.624170,
-51.871475,	64.871918,	10.626595,
-51.918877,	65.369843,	10.629019,
-51.969738,	65.892151,	10.631443,
-52.051228,	66.418991,	10.633383,
-52.172909,	66.938889,	10.635322,
-52.334198,	67.448792,	10.637261,
-52.534290,	67.945694,	10.639201,
-52.772144,	68.426613,	10.641140,
-53.046505,	68.888725,	10.643080,
-53.355888,	69.329231,	10.645019,
-53.698601,	69.745491,	10.646958,
-54.072762,	70.134979,	10.648898,
-54.476284,	70.495316,	10.650837,
-54.906902,	70.824303,	10.652777,
-55.362190,	71.119873,	10.654716,
-55.839565,	71.380203,	10.656655,
-56.336300,	71.603607,	10.658595,
-56.849545,	71.788673,	10.660534,
-57.376347,	71.934151,	10.662474,
-57.913654,	72.039070,	10.664412,
-58.458347,	72.102646,	10.666352,
-59.007244,	72.124374,	10.668292,
-59.557129,	72.103958,	10.670231,
-60.104771,	72.041389,	10.672171,
-60.646935,	71.936874,	10.674109,
-61.180401,	71.790878,	10.676049,
-61.701996,	71.604118,	10.677989,
-62.208607,	71.377556,	10.679928,
-62.697182,	71.112389,	10.681868,
-63.164772,	70.810036,	10.683806,
-63.608555,	70.472160,	10.685746,
-64.025810,	70.100632,	10.687686,
-64.413994,	69.697540,	10.689625,
-64.727905,	69.320717,	10.691322,
-65.016228,	68.923103,	10.693019,
-65.277573,	68.506424,	10.694715,
-65.517838,	68.064163,	10.696655,
-65.751617,	67.621933,	10.699080,
-65.985275,	67.179649,	10.701504,
-66.218803,	66.737305,	10.703928,
-66.452194,	66.294891,	10.706352,
-66.685440,	65.852402,	10.708776,
-66.918526,	65.409828,	10.711201,
-67.151436,	64.967186,	10.713625,
-67.384171,	64.524445,	10.716049,
-67.616714,	64.081612,	10.718473,
-67.849052,	63.638672,	10.720898,
-68.081177,	63.195633,	10.723322,
-68.313080,	62.752483,	10.725746,
-68.555489,	62.319065,	10.728898,
-68.843513,	61.909359,	10.732534,
-69.172073,	61.533913,	10.736171,
-69.537178,	61.196590,	10.739807,
-69.934502,	60.900826,	10.743443,
-70.359421,	60.649548,	10.747080,
-70.807037,	60.445183,	10.750716,
-71.272308,	60.289642,	10.754353,
-71.782158,	60.179077,	10.758231,
-72.299736,	60.126587,	10.762110,
-72.818604,	60.132462,	10.765988,
-73.332336,	60.196270,	10.769868,
-73.834671,	60.316933,	10.773746,
-74.319496,	60.492687,	10.777625,
-74.780960,	60.721161,	10.781504,
-75.213531,	60.999374,	10.785382,
-75.612038,	61.323803,	10.789262,
-75.971733,	61.690407,	10.793140,
-76.308586,	62.118404,	10.796518,
-76.605850,	62.511600,	10.798215,
-76.933716,	62.895573,	10.799670,
-77.288177,	63.259064,	10.803522,
-77.669456,	63.599339,	10.824562,
-78.077309,	63.913303,	10.855725,
-78.493301,	64.189430,	10.883971,
-78.946251,	64.480438,	10.920576,
-79.428619,	64.753555,	10.947307,
-79.908218,	64.977409,	10.966214,
-80.405312,	65.165642,	10.980936,
-80.917374,	65.314445,	10.991475,
-81.428024,	65.418709,	10.997829,
-81.726425,	65.462418,	10.999806,
-82.231209,	65.521767,	11.000000,
-82.727516,	65.582565,	11.000000,
-83.257332,	65.649483,	11.000000,
-83.782791,	65.700096,	11.000000,
-84.310234,	65.730194,	11.000000,
-84.838936,	65.739616,	11.000000,
-85.368149,	65.728218,	11.000000,
-85.897125,	65.695885,	11.000000,
-86.425102,	65.642525,	11.000000,
-86.951271,	65.568069,	10.999980,
-87.474838,	65.472488,	10.999027,
-87.994987,	65.355774,	10.996646,
-88.510895,	65.217941,	10.992838,
-89.021706,	65.059052,	10.987602,
-89.526588,	64.879196,	10.980939,
-90.024666,	64.678505,	10.972847,
-90.515373,	64.456993,	10.963323,
-90.997238,	64.215141,	10.952374,
-91.469704,	63.953045,	10.940000,
-91.931870,	63.671001,	10.926197,
-92.382881,	63.369328,	10.910967,
-92.821854,	63.048393,	10.894309,
-93.247932,	62.708595,	10.876223,
-93.660240,	62.350395,	10.856709,
-94.057930,	61.974281,	10.835769,
-94.426430,	61.598137,	10.813400,
-94.770905,	61.224552,	10.790467,
-95.104279,	60.839886,	10.770029,
-95.426109,	60.444420,	10.752353,
-95.736000,	60.038464,	10.737439,
-96.033516,	59.622345,	10.725287,
-96.318268,	59.196407,	10.715899,
-96.589836,	58.761013,	10.709271,
-96.847847,	58.316555,	10.705407,
-97.091911,	57.863430,	10.704306,
-97.321648,	57.402069,	10.705966,
-97.536713,	56.932915,	10.710388,
-97.736748,	56.456432,	10.717574,
-97.921425,	55.973099,	10.727521,
-98.090424,	55.483429,	10.740232,
-98.243454,	54.987923,	10.755703,
-98.380203,	54.487129,	10.773938,
-98.500435,	53.981598,	10.794916,
-98.603889,	53.471901,	10.816974,
-98.690331,	52.958630,	10.839031,
-98.759560,	52.442368,	10.861089,
-98.811394,	51.923748,	10.883146,
-98.845665,	51.403393,	10.905204,
-98.862236,	50.881943,	10.927261,
-98.869087,	50.374081,	10.954833,
-98.872803,	49.874081,	10.982405,
-98.873512,	49.375698,	11.009976,
-98.875252,	48.854813,	11.040305,
-98.883568,	48.326691,	11.073392,
-98.904587,	47.802078,	11.109235,
-98.943810,	47.287678,	11.146131,
-99.000732,	46.789738,	11.181974,
-99.076134,	46.294258,	11.219000,
-99.169914,	45.801929,	11.259109,
-99.281929,	45.313427,	11.302327,
-99.412048,	44.829430,	11.348654,
-99.560059,	44.350601,	11.398089,
-99.725784,	43.877609,	11.450633,
-99.908989,	43.411110,	11.506286,
-100.117416,	42.931469,	11.565047,
-100.339066,	42.454212,	11.622047,
-100.563744,	41.986275,	11.676624,
-100.780693,	41.538620,	11.728171,
-100.998787,	41.088696,	11.781558,
-101.216888,	40.638771,	11.836784,
-101.434982,	40.188843,	11.893849,
-101.672180,	39.728676,	11.982897,
-101.925018,	39.308670,	12.076082,
-102.204575,	38.905952,	12.172271,
-102.509659,	38.522217,	12.268598,
-102.839005,	38.159084,	12.364916,
-103.191208,	37.818077,	12.457270,
-103.564789,	37.500645,	12.542370,
-103.958183,	37.208111,	12.620218,
-104.369720,	36.941719,	12.690814,
-104.797676,	36.702587,	12.754157,
-105.240242,	36.491714,	12.810246,
-105.695564,	36.310005,	12.859084,
-106.161697,	36.158215,	12.900669,
-106.636711,	36.036983,	12.935001,
-107.155792,	35.938000,	12.960501,
-107.664848,	35.850430,	12.976104,
-108.174622,	35.767120,	12.987806,
-108.685066,	35.688084,	12.995609,
-109.196152,	35.613312,	12.999512,
-109.707848,	35.542824,	13.000000,
-110.220123,	35.476616,	13.000000,
-110.732925,	35.414703,	13.000000,
-111.246231,	35.357075,	13.000000,
-111.760002,	35.303753,	13.000000,
-112.274200,	35.254726,	13.000000,
-112.788788,	35.210003,	13.000000,
-113.303734,	35.169582,	13.000000,
-113.819000,	35.133480,	13.000000,
-114.334557,	35.101688,	13.000000,
-114.850349,	35.074207,	13.000000,
-115.366364,	35.051052,	13.000000,
-115.882553,	35.032207,	13.000000,
-116.398872,	35.017685,	13.000000,
-116.915306,	35.007481,	13.000000,
-117.431801,	35.001598,	13.000000,
-117.952988,	35.000000,	13.000000,
-118.452988,	35.000000,	13.000000,
-118.952988,	35.000000,	13.000000,
-119.452988,	35.000000,	13.000000,
-119.952988,	35.000000,	13.000000,
-120.452988,	35.000000,	13.000000,
-120.952988,	35.000000,	13.000000,
-121.452988,	35.000000,	13.000000,
-122.000000,	35.000000,	13.000000,
-122.500000,	35.000000,	13.000000,
-123.000000,	35.000000,	13.000000,
-123.500000,	35.000000,	13.000000,
-124.000000,	35.000000,	13.000000,
-124.500000,	35.000000,	13.000000,
-125.000000,	35.000000,	13.000000,
-125.500000,	35.000000,	13.000000,
-126.000000,	35.000000,	13.000000,
-126.500000,	35.000000,	13.000000,
-127.394012,	34.910301,	13.000000,
-128.252380,	34.644775,	13.000000,
-129.040894,	34.214012,	13.000000,
-129.728104,	33.635178,	13.000000,
-130.286621,	32.931362,	13.000000,
-130.694168,	32.130611,	13.000000,
-130.934525,	31.264853,	13.000000,
-130.998077,	30.368603,	13.000000,
-130.882309,	29.477591,	13.000000,
-130.591843,	28.627340,	13.000000,
-130.138229,	27.851746,	13.000000,
-129.539581,	27.181728,	13.000000,
-128.819763,	26.644001,	13.000000,
-128.007446,	26.259998,	13.000000,
-127.135040,	26.045033,	13.000000,
-126.470795,	26.000000,	13.000000,
-125.970795,	26.000000,	13.000000,
-125.470795,	26.000000,	13.000000,
-124.970795,	26.000000,	13.000000,
-124.470795,	26.000000,	13.000000,
-123.970795,	26.000000,	13.000000,
-123.470795,	26.000000,	13.000000,
-122.970795,	26.000000,	13.000000,
-122.470795,	26.000000,	13.000000,
-121.949997,	26.000000,	13.000000,
-121.449997,	26.000000,	13.000000,
-120.949997,	26.000000,	13.000000,
-120.449997,	26.000000,	13.000000,
-119.949997,	26.000000,	13.000248,
-119.449997,	26.000000,	13.002761,
-118.949997,	26.000000,	13.007980,
-118.449997,	26.000000,	13.015905,
-117.949997,	26.000000,	13.026538,
-117.449997,	26.000000,	13.039876,
-116.949997,	26.000000,	13.055922,
-116.449997,	26.000000,	13.074673,
-115.949997,	26.000000,	13.096130,
-115.449997,	26.000000,	13.120295,
-114.949997,	26.000000,	13.147165,
-114.449997,	26.000000,	13.176695,
-113.949997,	26.000000,	13.207117,
-113.449997,	26.000000,	13.237211,
-112.949997,	26.000000,	13.266399,
-112.449997,	26.000000,	13.294671,
-111.949997,	26.000000,	13.322026,
-111.449997,	26.000000,	13.348466,
-110.949997,	26.000000,	13.373989,
-110.449997,	26.000000,	13.398596,
-109.949997,	26.000000,	13.422286,
-109.449997,	26.000000,	13.445061,
-108.949997,	26.000000,	13.466919,
-108.449997,	26.000000,	13.487862,
-107.949997,	26.000000,	13.508056,
-107.449997,	26.000000,	13.528180,
-106.949997,	26.000000,	13.548304,
-106.449997,	26.000000,	13.568428,
-105.949997,	26.000000,	13.588552,
-105.449997,	26.000000,	13.608675,
-104.949997,	26.000000,	13.628799,
-104.449997,	26.000000,	13.648923,
-103.949997,	26.000000,	13.669046,
-103.449997,	26.000000,	13.689171,
-102.949997,	26.000000,	13.709294,
-102.449997,	26.000000,	13.729419,
-101.949997,	26.000000,	13.749542,
-101.449997,	26.000000,	13.769666,
-100.949997,	26.000000,	13.789790,
-100.449997,	26.000000,	13.809914,
-99.948196,	26.000000,	13.830110,
-99.448196,	26.000000,	13.850234,
-98.948196,	26.000000,	13.870358,
-98.448196,	26.000000,	13.890482,
-97.948196,	26.000000,	13.910605,
-97.448196,	26.000000,	13.930729,
-96.948196,	26.000000,	13.950853,
-96.448196,	26.000000,	13.970977,
-95.948196,	26.000000,	13.991100,
-95.448196,	26.000000,	14.011225,
-94.948196,	26.000000,	14.031348,
-94.448196,	26.000000,	14.051472,
-93.948196,	26.000000,	14.071596,
-93.448196,	26.000000,	14.091720,
-92.948196,	26.000000,	14.111600,
-92.448196,	26.000000,	14.130813,
-91.948196,	26.000000,	14.149352,
-91.448196,	26.000000,	14.167215,
-90.948196,	26.000000,	14.184405,
-90.448196,	26.000000,	14.200920,
-89.948196,	26.000000,	14.216761,
-89.448196,	26.000000,	14.231926,
-88.948196,	26.000000,	14.246417,
-88.448196,	26.000000,	14.260234,
-87.948196,	26.000000,	14.273376,
-87.448196,	26.000000,	14.285844,
-86.948196,	26.000000,	14.297636,
-86.448196,	26.000000,	14.308755,
-85.948196,	26.000000,	14.319199,
-85.448196,	26.000000,	14.328968,
-84.948196,	26.000000,	14.338062,
-84.448196,	26.000000,	14.346482,
-83.948196,	26.000000,	14.354228,
-83.448196,	26.000000,	14.361299,
-82.948196,	26.000000,	14.367696,
-82.448196,	26.000000,	14.373417,
-81.948196,	26.000000,	14.378465,
-81.448196,	26.000000,	14.382837,
-80.948196,	26.000000,	14.386536,
-80.448196,	26.000000,	14.389916,
-79.948196,	26.000000,	14.393298,
-79.448196,	26.000000,	14.396162,
-78.948196,	26.000000,	14.397867,
-78.448196,	26.000000,	14.398412,
-77.948196,	26.000000,	14.397795,
-77.448196,	26.000000,	14.396017,
-76.948196,	26.000000,	14.393079,
-76.448196,	26.000000,	14.388980,
-75.948196,	26.000000,	14.383719,
-75.448196,	26.000000,	14.377298,
-74.948196,	26.000000,	14.369716,
-74.448196,	26.000000,	14.360973,
-73.948196,	26.000000,	14.351069,
-73.448196,	26.000000,	14.340004,
-72.948196,	26.000000,	14.327779,
-72.448196,	26.000000,	14.314392,
-71.948196,	26.000000,	14.299845,
-71.448196,	26.000000,	14.284136,
-70.948196,	26.000000,	14.267266,
-70.448196,	26.000000,	14.249236,
-69.948311,	26.000008,	14.230145,
-69.422134,	26.002676,	14.210646,
-68.922150,	26.006161,	14.191180,
-68.422157,	26.009644,	14.171747,
-67.922173,	26.013126,	14.152349,
-67.422188,	26.016609,	14.132982,
-66.922195,	26.020094,	14.113649,
-66.422211,	26.023577,	14.094349,
-65.922218,	26.027060,	14.075082,
-65.422234,	26.030544,	14.055848,
-64.922241,	26.034027,	14.036648,
-64.422256,	26.037510,	14.017481,
-63.922272,	26.040995,	13.998346,
-63.422283,	26.044477,	13.979245,
-62.922298,	26.047960,	13.960177,
-62.422310,	26.051445,	13.941142,
-61.922321,	26.054928,	13.922140,
-61.422333,	26.058411,	13.903172,
-60.922344,	26.061893,	13.884236,
-60.422359,	26.065378,	13.865335,
-59.922371,	26.068861,	13.846465,
-59.422382,	26.072344,	13.827629,
-58.922394,	26.075829,	13.808826,
-58.422405,	26.079311,	13.790035,
-57.922421,	26.082794,	13.771245,
-57.422428,	26.086279,	13.752455,
-56.922443,	26.089762,	13.733665,
-56.422455,	26.093245,	13.715007,
-55.922466,	26.096729,	13.696383,
-55.422478,	26.100212,	13.677760,
-54.922489,	26.103695,	13.659136,
-54.422504,	26.107178,	13.640512,
-53.926788,	26.110607,	13.621889,
-53.433559,	26.113720,	13.605763,
-52.888439,	26.138508,	13.592727,
-52.345184,	26.189930,	13.579690,
-51.805092,	26.267862,	13.566653,
-51.269463,	26.372122,	13.553617,
-50.739571,	26.502457,	13.540581,
-50.216690,	26.658556,	13.527569,
-49.702072,	26.840042,	13.514610,
-49.196945,	27.046488,	13.501705,
-48.702522,	27.277393,	13.488853,
-48.219986,	27.532206,	13.476054,
-47.750492,	27.810318,	13.463308,
-47.295162,	28.111061,	13.450616,
-46.855091,	28.433718,	13.437976,
-46.431328,	28.777514,	13.425389,
-46.024887,	29.141628,	13.412856,
-45.636745,	29.525185,	13.400374,
-45.267830,	29.927269,	13.387521,
-44.919022,	30.346918,	13.373503,
-44.591164,	30.783131,	13.358298,
-44.285034,	31.234852,	13.341908,
-44.001366,	31.701010,	13.324332,
-43.740837,	32.180485,	13.305570,
-43.504074,	32.672131,	13.285622,
-43.291645,	33.174770,	13.264487,
-43.104057,	33.687195,	13.242167,
-42.941757,	34.208183,	13.218661,
-42.805141,	34.736492,	13.193976,
-42.694523,	35.270847,	13.168819,
-42.610180,	35.809971,	13.143662,
-42.552311,	36.352577,	13.118505,
-42.521049,	36.897366,	13.093349,
-42.516121,	37.419590,	13.069292,
-42.537098,	37.964870,	13.044135,
-42.584717,	38.508469,	13.018978,
-42.658878,	39.049091,	12.993821,
-42.759388,	39.585442,	12.968664,
-42.886017,	40.116230,	12.943441,
-43.038456,	40.640190,	12.917163,
-43.216343,	41.156067,	12.889497,
-43.419250,	41.662621,	12.860441,
-43.646690,	42.158646,	12.829996,
-43.898125,	42.642948,	12.798163,
-44.172947,	43.114376,	12.764942,
-44.470501,	43.571800,	12.730331,
-44.790073,	44.014118,	12.694332,
-45.130898,	44.440273,	12.656945,
-45.492161,	44.849247,	12.618169,
-45.872997,	45.240059,	12.578259,
-46.272495,	45.611778,	12.538505,
-46.689693,	45.963509,	12.499265,
-47.123600,	46.294411,	12.460540,
-47.573174,	46.603691,	12.422328,
-48.037338,	46.890614,	12.384632,
-48.514980,	47.154484,	12.347449,
-49.004959,	47.394676,	12.310782,
-49.506096,	47.610615,	12.274629,
-50.017200,	47.801781,	12.238991,
-50.537045,	47.967720,	12.203867,
-51.064381,	48.108028,	12.169232,
-51.597950,	48.222378,	12.134722,
-52.136475,	48.310486,	12.100211,
-52.678665,	48.372150,	12.065701,
-53.223217,	48.407219,	12.031190,
-53.717430,	48.416069,	11.998189,
-54.217430,	48.416069,	11.948889,
-54.717430,	48.416069,	11.899588,
-55.217430,	48.416069,	11.850286,
-55.717430,	48.416069,	11.800985,
-56.217430,	48.416069,	11.751684,
-56.717445,	48.416069,	11.702383,
-57.217445,	48.416065,	11.653082,
-57.717445,	48.416065,	11.603781,
-58.217445,	48.416061,	11.554481,
-58.717445,	48.416061,	11.505179,
-59.217445,	48.416058,	11.455878,
-59.717445,	48.416058,	11.406577,
-60.217445,	48.416054,	11.357276,
-60.717445,	48.416054,	11.307975,
-61.217445,	48.416050,	11.258674,
-61.717445,	48.416050,	11.209373,
-62.217445,	48.416046,	11.160072,
-62.717445,	48.416042,	11.110771,
-63.217445,	48.416042,	11.061470,
-63.717445,	48.416039,	11.012169,
-64.217445,	48.416039,	10.962868,
-64.717445,	48.416035,	10.913567,
-65.217445,	48.416035,	10.864265,
-65.717445,	48.416031,	10.814964,
-66.217445,	48.416031,	10.765559,
-66.717445,	48.416027,	10.715380,
-67.217445,	48.416027,	10.664308,
-67.717445,	48.416023,	10.612342,
-68.217445,	48.416019,	10.559483,
-68.717445,	48.416019,	10.505731,
-69.217445,	48.416016,	10.451086,
-69.717445,	48.416016,	10.395548,
-70.217445,	48.416012,	10.339558,
-70.722618,	48.415123,	10.289165,
-71.247101,	48.393124,	10.255571,
-71.769524,	48.341667,	10.221977,
-72.288216,	48.260921,	10.188383,
-72.801552,	48.151138,	10.154789,
-73.307907,	48.012669,	10.121195,
-73.805672,	47.845947,	10.087600,
-74.293274,	47.651505,	10.054006,
-74.769180,	47.429955,	10.020411,
-75.231873,	47.181999,	9.986817,
-75.679886,	46.908421,	9.953223,
-76.111816,	46.610085,	9.919629,
-76.526299,	46.287937,	9.886034,
-76.921997,	45.942997,	9.852440,
-77.297684,	45.576351,	9.818846,
-77.652161,	45.189163,	9.785252,
-77.984299,	44.782661,	9.751657,
-78.306740,	44.350281,	9.701266,
-78.619400,	43.903053,	9.662073,
-78.909813,	43.441067,	9.623623,
-79.177277,	42.965427,	9.586605,
-79.421158,	42.477276,	9.551020,
-79.640869,	41.977776,	9.516865,
-79.835884,	41.468132,	9.484142,
-80.005737,	40.949554,	9.452851,
-80.150024,	40.423294,	9.422993,
-80.268394,	39.890602,	9.394565,
-80.360565,	39.352757,	9.367569,
-80.426315,	38.811050,	9.342005,
-80.465492,	38.266769,	9.317800,
-80.478004,	37.727432,	9.293925,
-80.478004,	37.227432,	9.259819,
-80.478004,	36.736668,	9.226360,
-80.478004,	36.236668,	9.192254,
-80.478004,	35.736668,	9.158148,
-80.478004,	35.236668,	9.124042,
-80.478004,	34.736668,	9.089935,
-80.478004,	34.236668,	9.055829,
-80.478004,	33.736668,	9.022171,
-80.478004,	33.236668,	8.990142,
-80.478004,	32.736668,	8.959805,
-80.478004,	32.236668,	8.931161,
-80.478004,	31.736668,	8.904208,
-80.478004,	31.236668,	8.878948,
-80.478004,	30.736668,	8.855380,
-80.478004,	30.236668,	8.833504,
-80.478004,	29.736668,	8.813319,
-80.478004,	29.236668,	8.794827,
-80.478004,	28.736668,	8.778028,
-80.478004,	28.236668,	8.762919,
-80.478004,	27.736668,	8.749504,
-80.478004,	27.236668,	8.737781,
-80.478004,	26.736668,	8.727749,
-80.478004,	26.236668,	8.719409,
-80.478004,	25.736668,	8.712745,
-80.478004,	25.236668,	8.706700,
-80.478004,	24.736668,	8.700657,
-80.478004,	24.236668,	8.694613,
-80.477997,	23.736668,	8.688872,
-80.477997,	23.236668,	8.685232,
-80.477997,	22.736668,	8.683989,
-80.477997,	22.236668,	8.685141,
-80.477997,	21.736668,	8.688689,
-80.477997,	21.236668,	8.694634,
-80.477997,	20.736668,	8.702975,
-80.477997,	20.236668,	8.713712,
-80.477997,	19.736668,	8.726845,
-80.477997,	19.236668,	8.742374,
-80.477997,	18.736668,	8.760300,
-80.477997,	18.236668,	8.780622,
-80.477997,	17.736668,	8.803339,
-80.477997,	17.236668,	8.828453,
-80.477997,	16.736668,	8.855963,
-80.477997,	16.236668,	8.885869,
-80.477997,	15.736669,	8.918171,
-80.477997,	15.236669,	8.951858,
-80.477997,	14.736669,	8.985553,
-80.477997,	14.236669,	9.019247,
-80.477997,	13.736669,	9.052941,
-80.477997,	13.236669,	9.086637,
-80.477997,	12.736669,	9.120331,
-80.477997,	12.209637,	9.155823,
-80.477997,	11.709637,	9.189518,
-80.477997,	11.209637,	9.223212,
-80.477997,	10.709637,	9.256907,
-80.477997,	10.209637,	9.290614,
-80.477997,	9.709637,	9.324371,
-80.476265,	9.157413,	9.358181,
-80.458649,	8.630780,	9.381880,
-80.410942,	8.086034,	9.402213,
-80.324478,	7.523958,	9.422566,
-80.200470,	6.968956,	9.442938,
-80.039467,	6.423533,	9.463328,
-79.842216,	5.890152,	9.483738,
-79.609589,	5.371220,	9.504167,
-79.342636,	4.869080,	9.524615,
-79.042580,	4.385998,	9.545082,
-78.710754,	3.924156,	9.565517,
-78.357819,	3.495752,	9.585292,
-77.989563,	3.097402,	9.607266,
-77.622810,	2.726996,	9.633787,
-77.252350,	2.366032,	9.655724,
-76.883942,	2.035094,	9.671165,
-76.442627,	1.682983,	9.685740,
-75.975372,	1.358817,	9.699450,
-75.487419,	1.066758,	9.712292,
-74.980942,	0.808124,	9.724268,
-74.458244,	0.584082,	9.735377,
-73.921684,	0.395643,	9.745621,
-73.373688,	0.243660,	9.754997,
-72.816704,	0.128817,	9.763655,
-72.253288,	0.051633,	9.772237,
-71.726173,	0.013140,	9.780820,
-71.225716,	0.000754,	9.790833,
-70.694763,	0.000000,	9.805138,
-70.194763,	0.000000,	9.819442,
-69.699997,	0.000000,	9.833597,
-69.199997,	0.000000,	9.847901,
-68.699997,	0.000000,	9.862206,
-68.199997,	0.000000,	9.876511,
-67.699997,	0.000000,	9.890815,
-67.199997,	0.000000,	9.905119,
-66.699997,	0.000000,	9.919064,
-66.199997,	0.000000,	9.931909,
-65.699997,	0.000000,	9.943631,
-65.199997,	0.000000,	9.954231,
-64.699997,	0.000000,	9.963709,
-64.199997,	0.000000,	9.972065,
-63.700001,	0.000000,	9.979298,
-63.200001,	0.000000,	9.985409,
-62.700001,	0.000000,	9.990398,
-62.200001,	0.000000,	9.994265,
-61.700001,	0.000000,	9.997009,
-61.200001,	0.000000,	9.998631,
-60.700001,	0.000000,	9.999145,
-60.200001,	0.000000,	9.999256,
-59.700001,	0.000000,	9.999363,
-59.200001,	0.000000,	9.999460,
-58.700001,	0.000000,	9.999550,
-58.200001,	0.000000,	9.999632,
-57.700001,	0.000000,	9.999705,
-57.200001,	0.000000,	9.999770,
-56.700001,	0.000000,	9.999827,
-56.200001,	0.000000,	9.999877,
-55.700001,	0.000000,	9.999917,
-55.200001,	0.000000,	9.999950,
-54.700001,	0.000000,	9.999974,
-54.200001,	0.000000,	9.999990,
-53.700001,	0.000000,	9.999999,
-53.200001,	0.000000,	10.000000,
-52.700001,	0.000000,	10.000000,
-52.200001,	0.000000,	10.000000,
-51.700001,	0.000000,	10.000000,
-51.200001,	0.000000,	10.000000,
-50.700001,	0.000000,	10.000000,
-50.200001,	0.000000,	10.000000,
